City_ID,City,Lat,Lng,Max Temp,Humidity,Cloudiness,Wind Speed,Country,Date
0,ushuaia,-54.8,-68.3,4.810000000000002,87,100,2.06,AR,1699673526
1,colonia,50.9333,6.95,7.760000000000048,91,75,5.14,DE,1699673442
2,papatowai,-46.5619,169.4708,18.110000000000014,47,0,2.2,NZ,1699673407
3,puerto natales,-51.7236,-72.4875,4.350000000000023,95,100,2.46,CL,1699673487
4,mata-utu,-13.2816,-176.1745,28.560000000000002,77,98,3.95,WF,1699673660
5,touros,-5.1989,-35.4608,25.189999999999998,78,5,5.62,BR,1699673660
6,mount gambier,-37.8333,140.7667,17.610000000000014,44,7,4.82,AU,1699673520
7,lebu,-37.6167,-73.65,10.850000000000023,89,100,9.94,CL,1699673499
8,wanning,18.8003,110.3967,28.600000000000023,74,22,3.79,CN,1699673661
9,puerto ayora,-0.7393,-90.3518,24.189999999999998,91,33,3.13,EC,1699673662
10,talnakh,69.4865,88.3972,-4.329999999999984,94,100,5.3,RU,1699673662
11,namsos,64.4662,11.4957,1.0300000000000296,60,98,8.23,NO,1699673662
12,enewetak,11.3474,162.3373,28.629999999999995,77,74,7.69,MH,1699673663
13,waitangi,-43.9535,-176.5597,11.010000000000048,83,58,0.89,NZ,1699673401
14,west odessa,31.8424,-102.4988,9.010000000000048,89,100,1.54,US,1699673663
15,zaozersk,69.4005,32.4476,-0.9099999999999682,80,93,4.61,RU,1699673524
16,mossel bay,-34.1831,22.146,17.960000000000036,83,88,4.07,ZA,1699673664
17,potosi,-19.5836,-65.7531,12.03000000000003,35,100,2.19,BO,1699673665
18,stanley,54.868,-1.6985,4.740000000000009,87,40,4.12,GB,1699673665
19,bargarh,21.3333,83.6167,26.670000000000016,46,50,0.9,IN,1699673665
20,grytviken,-54.2811,-36.5092,1.8700000000000045,87,56,5.93,GS,1699673666
21,edinburgh of the seven seas,-37.0676,-12.3116,15.220000000000027,90,100,10.92,SH,1699673666
22,port mathurin,-19.6833,63.4167,25.04000000000002,79,12,4.72,MU,1699673667
23,hawaiian paradise park,19.5933,-154.9731,23.350000000000023,94,100,2.57,US,1699673617
24,timmins,48.4669,-81.3331,-5.099999999999966,86,100,4.12,CA,1699673667
25,manismata,-2.4667,111.0333,34.73000000000002,46,98,1.03,ID,1699673668
26,albany,42.6001,-73.9662,6.230000000000018,69,36,2.63,US,1699673668
27,aroma,15.8167,36.1333,26.310000000000002,54,3,3.3,SD,1699673668
28,kiruna,67.8557,20.2251,-14.489999999999952,92,8,2.06,SE,1699673669
29,mahanoro,-19.9,48.8,23.55000000000001,87,62,4.55,MG,1699673669
30,yellowknife,62.456,-114.3525,1.900000000000034,100,100,2.57,CA,1699673669
31,margaret river,-33.95,115.0667,21.5,43,77,4.18,AU,1699673670
32,ancud,-41.8697,-73.8203,9.57000000000005,91,100,12.16,CL,1699673475
33,adamstown,-25.066,-130.1015,22.650000000000034,84,4,4.19,PN,1699673404
34,thinadhoo,0.5333,72.9333,27.25,82,58,5.69,MV,1699673671
35,baker city,44.7749,-117.8344,5.100000000000023,84,0,1.54,US,1699673671
36,port-aux-francais,-49.35,70.2167,3.150000000000034,80,99,13.32,TF,1699673671
37,lemvig,56.5486,8.3102,5.110000000000014,95,90,4.9,DK,1699673672
38,college,64.8569,-147.8028,-8.029999999999973,88,100,3.09,US,1699673672
39,salmon arm,50.6998,-119.3024,6.6200000000000045,75,100,1.03,CA,1699673672
40,mujiayingzi,42.1167,118.7833,-4.519999999999982,50,1,4.33,CN,1699673673
41,grajau,-5.8194,-46.1386,25.700000000000045,65,44,1.84,BR,1699673673
42,gwadar,25.1216,62.3254,26.74000000000001,27,3,4.35,PK,1699673471
43,punxsutawney,40.9437,-78.9709,8.340000000000032,75,93,0.89,US,1699673674
44,onega,63.9061,38.1404,1.1800000000000068,100,100,0.67,RU,1699673674
45,tura,25.5198,90.2201,25.189999999999998,61,0,0.23,IN,1699673506
46,nagqu,31.5,92.0,-1.1899999999999977,50,100,2.18,CN,1699673675
47,utrik,11.2278,169.8474,27.210000000000036,86,100,9.21,MH,1699673675
48,chenzhou,25.8,113.0333,11.700000000000045,96,100,2.45,CN,1699673676
49,mount isa,-20.7333,139.5,34.870000000000005,34,75,4.63,AU,1699673444
50,maragogi,-9.0122,-35.2225,24.210000000000036,78,30,3.15,BR,1699673378
51,bredasdorp,-34.5322,20.0403,16.370000000000005,75,100,2.1,ZA,1699673677
52,ladario,-19.0047,-57.6017,28.920000000000016,42,96,0.63,BR,1699673677
53,saint-pierre,-21.3393,55.4781,24.200000000000045,83,75,3.6,RE,1699673458
54,sidi bel abbes,35.1899,-0.6309,14.620000000000005,75,0,3.62,DZ,1699673678
55,astrea,9.4983,-73.9759,24.80000000000001,96,91,1.32,CO,1699673678
56,san luis de la loma,17.2706,-100.8939,26.340000000000032,87,48,1.2,MX,1699673679
57,el calafate,-50.3408,-72.2768,8.460000000000036,76,99,3.77,AR,1699673679
58,dompu,-8.5356,118.4622,36.620000000000005,38,62,2.16,ID,1699673680
59,yeraliyev,43.2,51.65,9.490000000000009,66,5,2.34,KZ,1699673680
60,vorgashor,67.5833,63.95,-14.70999999999998,100,98,2.76,RU,1699673398
61,kita,13.0349,-9.4895,22.53000000000003,27,51,1.42,ML,1699673681
62,blackmans bay,-43.0167,147.3167,17.07000000000005,46,33,6.32,AU,1699673681
63,katsuura,35.1333,140.3,14.28000000000003,67,100,7.71,JP,1699673681
64,holualoa,19.6228,-155.9522,24.910000000000025,79,100,2.57,US,1699673682
65,yanbu,24.0891,38.0637,26.02000000000004,73,0,3.09,SA,1699673682
66,san patricio,28.017,-97.5169,16.58000000000004,92,100,4.41,US,1699673481
67,tralee,52.2704,-9.7026,8.590000000000032,80,87,0.78,IE,1699673683
68,tiksi,71.6872,128.8694,-12.339999999999975,84,100,9.7,RU,1699673407
69,dryden,49.7833,-92.7503,-2.839999999999975,86,100,1.03,CA,1699673683
70,lodwar,3.1191,35.5973,26.75,58,100,3.19,KE,1699673684
71,likiep,9.8251,169.3107,26.840000000000032,87,100,9.24,MH,1699673684
72,barra de santo antonio,-9.4047,-35.5072,23.600000000000023,75,37,3.63,BR,1699673684
73,coahuayana de hidalgo,18.7,-103.6583,25.370000000000005,87,99,1.1,MX,1699673685
74,isafjordur,66.0755,-23.124,-0.44999999999998863,81,64,0.91,IS,1699673685
75,al kharj,24.155,47.3346,20.32000000000005,30,100,1.12,SA,1699673685
76,hermanus,-34.4187,19.2345,16.610000000000014,81,100,1.65,ZA,1699673439
77,west island,-12.1568,96.8225,28.99000000000001,74,40,5.66,CC,1699673423
78,praia da vitoria,38.7333,-27.0667,20.140000000000043,83,40,6.11,PT,1699673686
79,ilulissat,69.2167,-51.1,-6.989999999999952,68,75,6.69,GL,1699673687
80,iskateley,67.6803,53.1512,-8.879999999999995,93,97,3.13,RU,1699673687
81,anadyr,64.75,177.4833,-14.71999999999997,78,20,7.0,RU,1699673687
82,loango,-4.6719,11.8312,24.920000000000016,88,100,4.28,CG,1699673688
83,brisas de zicatela,15.8369,-97.0419,28.29000000000002,61,40,0.0,MX,1699673688
84,geraldton,-28.7667,114.6,30.230000000000018,21,100,6.69,AU,1699673688
85,teguise,29.0605,-13.564,19.120000000000005,83,40,4.63,ES,1699673689
86,fale old settlement,-9.3852,-171.2468,29.140000000000043,75,25,4.62,TK,1699673689
87,chissamba,-12.1667,17.3333,17.82000000000005,92,100,1.64,AO,1699673690
88,bhadarwah,32.9833,75.7167,13.610000000000014,56,0,0.86,IN,1699673690
89,invercargill,-46.4,168.35,19.450000000000045,55,3,4.47,NZ,1699673690
90,el granada,37.5027,-122.4694,16.680000000000007,58,0,5.14,US,1699673691
91,ola,59.5833,151.2833,-12.919999999999959,74,41,5.62,RU,1699673691
92,thompson,55.7435,-97.8558,-0.9099999999999682,86,100,5.66,CA,1699673691
93,severo-yeniseyskiy,60.3725,93.0408,-14.120000000000005,94,79,1.79,RU,1699673415
94,iqaluit,63.7506,-68.5145,-6.149999999999977,79,100,5.66,CA,1699673432
95,aasiaat,68.7098,-52.8699,-11.009999999999991,87,98,3.35,GL,1699673692
96,st. john's,47.5649,-52.7093,2.7600000000000477,92,100,10.8,CA,1699673406
97,bihac,44.8169,15.8708,8.400000000000034,95,100,1.39,BA,1699673693
98,ribeira grande,38.5167,-28.7,19.710000000000036,89,15,9.14,PT,1699673693
99,dudinka,69.4058,86.1778,-4.099999999999966,95,100,8.49,RU,1699673694
100,imperatriz,-5.5264,-47.4917,26.180000000000007,62,1,0.39,BR,1699673694
101,mil'kovo,55.6078,37.7956,5.230000000000018,87,95,4.12,RU,1699673694
102,port elizabeth,-33.918,25.5701,18.160000000000025,85,0,14.4,ZA,1699673695
103,bilyts'ke,48.4064,37.1811,4.03000000000003,82,99,4.61,UA,1699673695
104,kiama,-34.6833,150.8667,28.470000000000027,68,32,7.15,AU,1699673695
105,supaul,26.1167,86.6,25.160000000000025,48,0,1.86,IN,1699673696
106,piensk,51.249,15.0469,5.650000000000034,88,96,2.72,PL,1699673696
107,brookings,44.3114,-96.7984,-1.0,86,0,2.57,US,1699673513
108,longyearbyen,78.2186,15.6401,-10.089999999999975,73,75,4.12,SJ,1699673460
109,fort bragg,35.139,-79.006,13.230000000000018,63,100,3.6,US,1699673697
110,atafu village,-8.5421,-172.5159,29.360000000000014,72,6,5.05,TK,1699673697
111,tenno,39.9,139.9667,7.560000000000002,73,100,9.32,JP,1699673698
112,hadibu,12.65,54.0333,27.310000000000002,78,100,5.86,YE,1699673698
113,georgetown,5.4112,100.3354,29.970000000000027,79,20,2.57,MY,1699673699
114,khost,33.3395,69.9204,14.680000000000007,50,0,0.08,AF,1699673699
115,nemuro,43.3236,145.575,5.010000000000048,49,37,11.55,JP,1699673699
116,minas de marcona,-15.2119,-75.1103,14.850000000000023,89,55,3.68,PE,1699673502
117,island harbour,50.724,-1.2758,7.210000000000036,91,12,1.34,GB,1699673700
118,dolinsk,47.35,142.8,-0.15999999999996817,92,100,7.0,RU,1699673700
119,kourou,5.1552,-52.6478,26.29000000000002,87,20,4.05,GF,1699673701
120,yuzhno-kurilsk,44.0306,145.8556,5.760000000000048,88,65,12.56,RU,1699673701
121,coremas,-7.0144,-37.9458,25.53000000000003,57,0,3.78,BR,1699673701
122,haiku-pauwela,20.9219,-156.3051,26.010000000000048,65,40,7.72,US,1699673447
123,san antonio de pale,-1.4014,5.6325,26.090000000000032,83,100,5.43,GQ,1699673702
124,labuan,5.2767,115.2417,29.200000000000045,79,40,1.03,MY,1699673703
125,zalesovo,53.9939,84.7431,0.8500000000000227,94,100,2.08,RU,1699673703
126,tari,12.4086,4.4914,24.939999999999998,22,93,2.53,NG,1699673703
127,uturoa,-16.7333,-151.4333,27.05000000000001,83,88,5.41,PF,1699673704
128,bethel,41.3712,-73.414,7.03000000000003,76,6,0.89,US,1699673469
129,ko pha ngan,9.7578,100.0291,23.379999999999995,70,100,3.76,TH,1699673705
130,polyarnyy,69.1989,33.4478,-1.9599999999999795,86,76,7.1,RU,1699673705
131,lihue,21.9789,-159.3672,27.58000000000004,81,75,5.66,US,1699673706
132,codrington,-38.2667,141.9667,16.370000000000005,51,6,6.23,AU,1699673706
133,nar'yan-mar,67.6713,53.087,-8.829999999999984,93,97,3.13,RU,1699673707
134,udachny,66.4167,112.4,-5.859999999999957,44,98,8.85,RU,1699673486
135,keflavik,64.0049,-22.5624,2.240000000000009,93,75,2.57,IS,1699673707
136,tuensang,26.2833,94.8333,24.5,45,1,0.97,IN,1699673708
137,ballina,-28.8667,153.5667,25.430000000000007,64,42,3.99,AU,1699673708
138,al qaryatayn,34.2296,37.2407,14.189999999999998,61,100,0.6,SY,1699673708
139,tsiombe,-25.3,45.4833,21.650000000000034,59,33,5.05,MG,1699673709
140,sinop,41.7711,34.8709,11.300000000000011,75,81,5.66,TR,1699673709
141,umm kaddadah,13.6017,26.6876,24.480000000000018,34,62,4.39,SD,1699673710
142,nsanje,-16.92,35.262,21.980000000000018,75,2,1.94,MW,1699673710
143,kununurra,-15.7667,128.7333,34.99000000000001,49,12,4.12,AU,1699673711
144,badger,64.8,-147.5333,-8.069999999999993,89,100,3.09,US,1699673711
145,sao jose da coroa grande,-8.8978,-35.1478,24.260000000000048,80,30,3.01,BR,1699673711
146,ust-nera,64.5667,143.2,-28.139999999999986,98,56,2.05,RU,1699673712
147,lezhe,41.7836,19.6436,16.110000000000014,69,100,6.7,AL,1699673712
148,balod,20.73,81.2047,26.55000000000001,46,21,1.91,IN,1699673712
149,harstad,68.799,16.5293,0.34000000000003183,96,14,1.79,NO,1699673713
150,aykhal,66.0,111.5,-7.25,70,98,9.4,RU,1699673713
151,jamestown,42.097,-79.2353,7.770000000000039,80,100,2.06,US,1699673710
152,chinchilla,-26.75,150.6333,30.810000000000002,27,0,3.47,AU,1699673714
153,ibshaway,29.358,30.6814,20.510000000000048,74,100,5.33,EG,1699673714
154,kodiak,57.79,-152.4072,1.7300000000000182,51,0,7.72,US,1699673715
155,sandakan,5.8402,118.1179,25.82000000000005,94,40,3.09,MY,1699673716
156,murzuq,25.9155,13.9184,18.58000000000004,36,0,2.83,LY,1699673716
157,usogorsk,63.4106,48.6872,0.37000000000000455,96,49,3.09,RU,1699673717
158,morondava,-20.2833,44.2833,24.410000000000025,64,0,2.19,MG,1699673717
159,argo,37.6333,22.7333,13.770000000000039,84,82,1.77,GR,1699673440
160,soe,-9.8607,124.284,31.99000000000001,34,9,4.32,ID,1699673718
161,bontang,0.1333,117.5,30.79000000000002,63,88,3.47,ID,1699673718
162,sola,-13.8833,167.55,27.370000000000005,83,75,5.14,VU,1699673719
163,east ballina,-28.8667,153.5833,25.439999999999998,65,39,4.06,AU,1699673719
164,benguela,-12.5763,13.4055,25.160000000000025,71,99,1.81,AO,1699673720
165,la libertad,-2.2333,-80.9,22.810000000000002,81,100,4.15,EC,1699673720
166,mariehamn,60.0973,19.9348,6.57000000000005,100,40,0.51,AX,1699673721
167,anna regina,7.2644,-58.5077,27.470000000000027,81,14,4.63,GY,1699673721
168,porto novo,6.4965,2.6036,26.390000000000043,87,96,2.69,BJ,1699673722
169,alenquer,-1.9417,-54.7383,26.410000000000025,67,11,1.66,BR,1699673722
170,chernyshevskiy,63.0128,112.4714,-9.609999999999957,72,87,4.48,RU,1699673722
171,la passe,45.5549,-0.8967,9.129999999999995,72,100,2.27,FR,1699673723
172,puryong,42.0606,129.7117,0.7800000000000296,23,0,2.12,KP,1699673723
173,punta arenas,-53.15,-70.9167,7.060000000000002,81,100,3.6,CL,1699673486
174,selendi,38.7444,28.8678,13.82000000000005,68,73,2.29,TR,1699673724
175,bodaybo,57.8506,114.1933,-7.729999999999961,91,100,1.19,RU,1699673724
176,miyaly,48.8844,53.7836,6.090000000000032,73,99,6.9,KZ,1699673725
177,lompoc,34.6391,-120.4579,13.210000000000036,89,0,0.0,US,1699673725
178,vazante,-17.9869,-46.9078,23.25,34,6,0.03,BR,1699673726
179,zhalantun,48.0,122.7167,-7.169999999999959,68,84,4.18,CN,1699673726
180,pyshma,56.9523,63.2513,3.2700000000000387,94,100,3.43,RU,1699673726
181,swift current,50.2834,-107.8014,0.4500000000000455,86,100,6.17,CA,1699673573
182,port augusta,-32.5,137.7667,26.54000000000002,34,9,9.75,AU,1699673727
183,pisco,-13.7,-76.2167,18.03000000000003,88,0,5.14,PE,1699673727
184,naracoorte,-36.9579,140.7383,23.83000000000004,20,65,7.42,AU,1699673728
185,tindouf,27.6711,-8.1474,18.25,25,0,2.57,DZ,1699673728
186,hamilton,39.1834,-84.5333,9.490000000000009,55,0,3.6,US,1699673090
187,katabu,-4.9333,122.5167,35.22000000000003,35,87,0.7,ID,1699673729
188,wailua homesteads,22.0669,-159.378,27.24000000000001,85,75,5.66,US,1699673729
189,lorengau,-2.0226,147.2712,28.170000000000016,79,100,4.93,PG,1699673730
190,cabo san lucas,22.8909,-109.9124,27.090000000000032,74,0,1.54,MX,1699673651
191,gamba,-2.65,10.0,23.53000000000003,95,100,2.45,GA,1699673730
192,bilibino,68.0546,166.4372,-28.71999999999997,100,98,1.44,RU,1699673731
193,khandyga,62.6667,135.6,-27.49999999999997,95,89,0.08,RU,1699673731
194,qaqortoq,60.7167,-46.0333,-6.539999999999964,58,39,4.48,GL,1699673732
195,mhamid,29.82,-5.72,19.640000000000043,27,2,1.31,MA,1699673443
196,pekan,3.4836,103.3996,31.060000000000002,73,96,1.49,MY,1699673733
197,olonkinbyen,70.9221,-8.7187,1.4600000000000364,85,100,3.67,SJ,1699673733
198,krasnyy chikoy,50.3643,108.7512,-7.949999999999989,62,25,1.41,RU,1699673733
199,novyy urgal,51.0736,132.5642,-8.870000000000005,67,67,0.33,RU,1699673734
200,yarmouth,41.7057,-70.2286,10.010000000000048,70,0,7.15,US,1699673575
201,tauranga,-37.6861,176.1667,18.410000000000025,69,18,3.13,NZ,1699673734
202,roses,42.262,3.1769,11.75,87,60,1.34,ES,1699673735
203,magdagachi,53.45,125.8,-7.819999999999993,40,1,3.29,RU,1699673735
204,mar del plata,-38.0023,-57.5575,16.010000000000048,83,100,14.75,AR,1699673736
205,coquimbo,-29.9533,-71.3436,15.850000000000023,88,100,2.06,CL,1699673736
206,luwuk,-0.9516,122.7875,30.450000000000045,67,89,1.74,ID,1699673736
207,carnarvon,-24.8667,113.6333,23.660000000000025,57,1,8.67,AU,1699673737
208,constantia,44.1833,28.65,13.379999999999995,84,99,7.89,RO,1699673439
209,ratnagiri,16.9833,73.3,30.170000000000016,56,59,2.53,IN,1699673737
210,laguna,38.421,-121.4238,14.620000000000005,62,0,0.0,US,1699673738
211,charters towers,-20.1,146.2667,34.43000000000001,20,94,6.89,AU,1699673738
212,greenville,35.6127,-77.3663,11.970000000000027,78,100,2.57,US,1699673590
213,togur,58.3631,82.8265,-1.0299999999999727,96,100,2.68,RU,1699673739
214,smara,26.7384,-11.6719,17.650000000000034,60,1,2.74,EH,1699673739
215,mocimboa,-11.3167,40.35,26.629999999999995,81,24,3.42,MZ,1699673740
216,betare oya,5.6,14.0833,19.220000000000027,97,93,1.25,CM,1699673740
217,ipatovo,45.7181,42.9036,4.170000000000016,77,20,3.94,RU,1699673740
218,laiyang,36.9758,120.7136,6.160000000000025,55,70,1.73,CN,1699673741
219,port douglas,-16.4833,145.4667,26.610000000000014,68,34,5.86,AU,1699673741
220,tongouson,5.0214,120.1328,28.49000000000001,74,75,2.31,PH,1699673741
221,taltal,-25.4,-70.4833,17.54000000000002,77,8,1.01,CL,1699673742
222,malango,-2.9627,119.9001,26.100000000000023,66,96,0.17,ID,1699673742
223,dunedin,-45.8742,170.5036,15.450000000000045,64,1,5.36,NZ,1699673742
224,labrador city,52.9463,-66.9114,-10.049999999999955,92,75,1.03,CA,1699673743
225,revda,56.801,59.9303,1.6100000000000136,100,100,0.64,RU,1699673743
226,caucete,-31.6518,-68.2811,18.930000000000007,62,0,6.6,AR,1699673743
227,usinsk,65.9939,57.5281,-5.519999999999982,81,98,2.24,RU,1699673744
228,al 'aziziyah,32.9058,45.0616,21.52000000000004,31,28,1.65,IQ,1699673744
229,kendraparha,20.5,86.4167,27.680000000000007,47,8,3.07,IN,1699673744
230,whitehorse,60.7161,-135.0538,-0.5499999999999545,100,100,1.03,CA,1699673628
231,new norfolk,-42.7826,147.0587,16.720000000000027,38,29,4.26,AU,1699673745
232,tobelo,1.7284,128.0095,28.590000000000032,74,84,0.56,ID,1699673728
233,malakal,9.5334,31.6605,23.83000000000004,79,98,1.32,SS,1699673746
234,aberdeen,57.1437,-2.0981,6.410000000000025,96,75,5.66,GB,1699673481
235,loreto,22.2667,-101.9667,16.379999999999995,79,100,4.61,MX,1699673746
236,jakobstad,63.6749,22.7026,-1.7099999999999795,85,100,7.55,FI,1699673747
237,porirua,-41.1333,174.85,17.680000000000007,68,4,3.71,NZ,1699673681
238,burang,30.25,81.1667,-1.6299999999999955,55,53,1.87,CN,1699673747
239,kerema,-7.9631,145.7785,27.910000000000025,71,54,4.17,PG,1699673748
240,chibougamau,49.9168,-74.3659,-7.2099999999999795,93,100,3.09,CA,1699673748
241,san pedro pochutla,15.7333,-96.4667,23.930000000000007,91,5,1.8,MX,1699673749
242,acarau,-2.8856,-40.12,26.210000000000036,77,17,7.9,BR,1699673749
243,amontada,-3.3617,-39.8317,25.420000000000016,74,8,3.8,BR,1699673749
244,bathsheba,13.2167,-59.5167,27.340000000000032,89,40,8.23,BB,1699673750
245,bodo,67.28,14.405,-2.349999999999966,71,0,5.66,NO,1699673697
246,afaahiti,-17.75,-149.2833,27.930000000000007,84,100,5.19,PF,1699673462
247,eyl,7.9803,49.8164,26.760000000000048,78,94,4.56,SO,1699673751
248,harper,4.375,-7.7169,24.600000000000023,90,48,3.0,LR,1699673519
249,kerikeri,-35.2268,173.9474,17.55000000000001,62,44,2.86,NZ,1699673751
250,malpica,43.3228,-8.8105,17.430000000000007,83,100,6.75,ES,1699673752
251,saipan,15.1355,145.701,31.390000000000043,66,20,7.72,MP,1699673752
252,samana,19.2056,-69.3369,26.189999999999998,88,96,5.03,DO,1699673753
253,east london,-33.0153,27.9116,17.52000000000004,94,75,8.9,ZA,1699673753
254,happy valley-goose bay,53.3168,-60.3315,-2.829999999999984,80,75,4.63,CA,1699673753
255,siocon,7.7061,122.1353,31.220000000000027,64,9,1.44,PH,1699673754
256,barranca,-10.75,-77.7667,18.510000000000048,85,43,2.95,PE,1699673754
257,akobo,7.4344,3.9497,25.75,94,20,2.06,NG,1699673754
258,khromtau,50.2503,58.4347,3.1100000000000136,93,100,5.31,KZ,1699673755
259,abepura,-2.6333,140.5833,34.450000000000045,46,20,4.12,ID,1699673755
260,gay,51.4666,58.4552,4.400000000000034,89,100,3.6,RU,1699673755
261,callao,-12.0667,-77.15,20.160000000000025,73,0,6.17,PE,1699673756
262,sur,22.5667,59.5289,27.439999999999998,57,20,4.63,OM,1699673756
263,palmer,42.1584,-72.3287,6.210000000000036,76,75,1.54,US,1699673756
264,madimba,-10.4,40.3333,26.600000000000023,82,17,3.36,TZ,1699673757
265,jayapura,-2.5333,140.7,34.660000000000025,74,100,3.82,ID,1699673757
266,labytnangi,66.6572,66.4183,-11.399999999999977,93,100,2.46,RU,1699673757
267,lasem,-6.6922,111.4527,33.01000000000005,50,18,2.28,ID,1699673758
268,walvis bay,-22.9575,14.5053,15.53000000000003,94,68,1.03,NA,1699673758
269,boca suno,-0.7167,-77.1333,22.160000000000025,97,100,0.98,EC,1699673758
270,kitimat,54.0524,-128.6534,1.2100000000000364,100,100,1.59,CA,1699673759
271,port alfred,-33.5906,26.891,18.430000000000007,90,76,4.02,ZA,1699673759
272,mahdia,35.5047,11.0622,17.970000000000027,62,28,5.88,TN,1699673760
273,lata,40.1629,-8.3327,17.260000000000048,99,100,2.48,PT,1699673760
274,blagoveshchensk,50.2667,127.5333,-8.659999999999968,48,20,6.0,RU,1699673760
275,pitimbu,-7.4706,-34.8086,26.33000000000004,74,5,5.31,BR,1699673761
276,manay,7.215,126.5397,30.480000000000018,68,46,4.67,PH,1699673761
277,rio grande,-32.035,-52.0986,18.30000000000001,92,95,9.02,BR,1699673489
278,kibre mengist,5.8833,38.9833,14.230000000000018,93,44,0.89,ET,1699673762
279,witbank,-25.8713,29.2332,15.810000000000002,75,5,3.81,ZA,1699673762
280,mugia,43.1041,-9.2179,16.620000000000005,97,100,8.25,ES,1699673763
281,yueyang,29.3333,113.0919,7.800000000000011,82,100,6.2,CN,1699673763
282,moussoro,13.6408,16.4901,26.950000000000045,20,88,5.14,TD,1699673763
283,nabire,-3.3667,135.4833,31.600000000000023,59,89,2.72,ID,1699673764
284,kaa-khem,51.6833,94.7333,-16.439999999999998,79,5,0.97,RU,1699673764
285,zaysan,47.4667,84.8667,2.590000000000032,97,100,1.72,KZ,1699673765
286,amga,60.8953,131.9608,-21.25999999999999,92,100,0.78,RU,1699673765
287,riachao,-7.3619,-46.6172,25.910000000000025,58,15,1.45,BR,1699673766
288,gannan,47.9147,123.5031,-5.439999999999998,57,53,3.66,CN,1699673766
289,sakaiminato,35.55,133.2333,12.960000000000036,94,75,8.75,JP,1699673766
290,ceerigaabo,10.6162,47.368,17.08000000000004,59,100,1.21,SO,1699673767
291,tarkwa,5.3064,-1.9847,23.480000000000018,98,76,1.49,GH,1699673767
292,tanabe,33.7333,135.3667,18.560000000000002,52,75,5.66,JP,1699673767
293,vilyuchinsk,52.9306,158.4028,2.150000000000034,99,100,0.81,RU,1699673768
294,sangmelima,2.9333,11.9833,19.77000000000004,99,100,0.83,CM,1699673768
295,itaituba,-4.2761,-55.9836,26.74000000000001,69,66,0.75,BR,1699673769
296,menaka,15.9182,2.4022,25.5,13,65,3.83,ML,1699673769
297,hopkinsville,36.8656,-87.4886,9.620000000000005,68,100,3.67,US,1699673674
298,puerto leguizamo,-0.1934,-74.7819,22.07000000000005,97,100,1.07,CO,1699673770
299,tabou,4.423,-7.3528,24.450000000000045,90,33,2.56,CI,1699673770
300,tolanaro,-25.0319,46.9987,19.04000000000002,88,40,2.06,MG,1699673771
301,buxton,53.2574,-1.9098,4.910000000000025,95,47,2.82,GB,1699673771
302,ekibastuz,51.6667,75.3667,4.1200000000000045,73,92,3.58,KZ,1699673771
303,mpongwe,-13.5091,28.155,19.730000000000018,76,100,3.62,ZM,1699673658
304,formiga,-20.4644,-45.4264,21.870000000000005,56,60,2.26,BR,1699673619
305,caconda,-13.7333,15.0667,17.840000000000032,82,100,0.55,AO,1699673772
306,kalemie,-5.9475,29.1947,22.439999999999998,84,100,1.8,CD,1699673773
307,pajara,28.3504,-14.1076,20.730000000000018,88,12,6.18,ES,1699673773
308,akureyri,65.6835,-18.0878,-6.039999999999964,93,0,0.0,IS,1699673773
309,sinabang,2.4803,96.3801,27.78000000000003,75,100,0.35,ID,1699673774
310,viedma,-40.8135,-62.9967,16.32000000000005,77,100,9.75,AR,1699673774
311,roma,43.2128,-75.4557,6.010000000000048,82,100,2.06,US,1699673523
312,carutapera,-1.195,-46.02,26.730000000000018,77,40,4.99,BR,1699673775
313,kruisfontein,-34.0033,24.7314,16.970000000000027,87,40,9.98,ZA,1699673775
314,shahpur,16.7,76.8333,26.410000000000025,58,60,3.05,IN,1699673775
315,rongelap,11.1635,166.8941,26.57000000000005,87,100,7.92,MH,1699673776
316,sigli,5.3848,95.9609,28.650000000000034,71,100,1.18,ID,1699673776
317,veraval,20.9,70.3667,30.54000000000002,47,11,4.3,IN,1699673777
318,gubkinskiy,64.434,76.5026,-5.599999999999966,94,100,3.23,RU,1699673777
319,hammerfest,70.6634,23.6821,0.25,100,75,3.09,NO,1699673494
320,prado,-17.3411,-39.2208,24.05000000000001,89,14,4.72,BR,1699673778
321,prince rupert,54.3161,-130.3201,7.830000000000041,94,100,13.89,CA,1699673778
322,portland,45.5234,-122.6762,11.080000000000041,89,100,4.92,US,1699673314
323,formosa do rio preto,-11.0483,-45.1931,26.189999999999998,39,71,0.99,BR,1699673779
324,novodvinsk,64.4165,40.8122,0.4399999999999977,98,100,1.39,RU,1699673780
325,vieste,41.8825,16.175,15.950000000000045,65,57,10.54,IT,1699673780
326,rawah,34.4816,41.9093,19.180000000000007,37,98,3.61,IQ,1699673780
327,onguday,50.75,86.15,1.0100000000000477,86,100,1.22,RU,1699673781
328,kirensk,57.7853,108.1119,-10.579999999999984,70,75,1.79,RU,1699673781
329,ozherel'ye,54.7961,38.2672,4.210000000000036,88,100,4.39,RU,1699673781
330,kenai,60.5544,-151.2583,-1.0600000000000023,97,100,0.0,US,1699673782
331,morehead city,34.7229,-76.726,14.430000000000007,80,100,5.14,US,1699673782
332,araxa,-19.5933,-46.9406,19.710000000000036,39,47,1.84,BR,1699673643
333,toliara,-23.35,43.6667,21.810000000000002,61,0,6.97,MG,1699673783
334,nainpur,22.4333,80.1167,26.5,45,0,1.33,IN,1699673783
335,nova vicosa,-17.8919,-39.3719,24.379999999999995,86,17,5.26,BR,1699673783
336,nenagh bridge,52.8817,-8.1958,3.660000000000025,94,37,1.02,IE,1699673784
337,north battleford,52.7834,-108.2847,-0.8899999999999864,93,0,5.66,CA,1699673784
338,nikol'sk,53.7189,46.0712,0.22000000000002728,96,31,2.48,RU,1699673784
339,raja,8.4596,25.678,22.78000000000003,85,100,1.44,SS,1699673785
340,kamaishi,39.2667,141.8833,8.260000000000048,51,12,7.14,JP,1699673785
341,dangriga,16.9692,-88.2321,26.160000000000025,86,14,1.24,BZ,1699673786
342,pikalevo,59.5183,34.1664,4.2900000000000205,89,100,3.06,RU,1699673786
343,urengoy,65.9667,78.3667,-5.759999999999991,94,100,2.54,RU,1699673786
344,tofol,5.3248,163.0078,26.879999999999995,78,100,5.66,FM,1699673787
345,west end,26.6833,-78.9667,26.05000000000001,79,37,6.66,BS,1699673787
346,queenstown,-31.8976,26.8753,21.480000000000018,27,93,2.27,ZA,1699673787
347,taoudenni,22.6783,-3.9836,22.160000000000025,19,0,3.69,ML,1699673788
348,el alto,-4.2714,-81.2147,19.5,79,30,6.86,PE,1699673788
349,kapuskasing,49.4169,-82.4331,-2.9499999999999886,93,100,3.09,CA,1699673788
350,ingeniero jacobacci,-41.3427,-69.5448,9.120000000000005,55,26,6.83,AR,1699673789
351,illizi,26.4833,8.4667,15.890000000000043,22,1,0.65,DZ,1699673789
352,bac lieu,9.285,105.7244,29.25,76,100,7.86,VN,1699673790
353,kurkino,53.4257,38.6582,2.2700000000000387,92,100,3.53,RU,1699673790
354,port lincoln,-34.7333,135.8667,16.610000000000014,55,92,8.28,AU,1699673790
355,las animas,-39.8087,-73.2182,11.080000000000041,98,98,4.75,CL,1699673791
356,egilsstadir,65.2653,-14.3948,-6.0499999999999545,93,0,2.57,IS,1699673791
357,kapa'a,22.0752,-159.319,27.99000000000001,85,75,5.66,US,1699673791
358,prince albert,53.2001,-105.7677,-8.029999999999973,93,0,4.12,CA,1699673723
359,inirida,3.8653,-67.9239,22.980000000000018,93,85,0.86,CO,1699673792
360,arraial do cabo,-22.9661,-42.0278,22.49000000000001,92,25,1.48,BR,1699673792
361,korsakov,46.6328,142.7813,-1.089999999999975,76,100,10.39,RU,1699673793
362,shahdol,23.2833,81.35,27.560000000000002,40,0,0.71,IN,1699673793
363,afif,23.9065,42.9172,19.230000000000018,35,100,3.03,SA,1699673794
364,crane,31.3974,-102.3501,11.100000000000023,62,100,4.45,US,1699673794
365,baihe,22.15,107.2333,30.670000000000016,56,24,0.76,CN,1699673794
366,rahachow,53.0934,30.0495,5.8799999999999955,90,100,5.59,BY,1699673795
367,urangan,-25.3,152.9,23.900000000000034,65,49,6.82,AU,1699673795
368,boa vista,2.8197,-60.6733,28.99000000000001,61,0,3.6,BR,1699673796
369,ponta delgada,37.7333,-25.6667,22.33000000000004,94,75,8.75,PT,1699673796
370,tamanrasset,22.785,5.5228,12.950000000000045,18,0,1.03,DZ,1699673796
371,okhotsk,59.3833,143.3,-14.039999999999964,79,4,9.21,RU,1699673625
372,zelenoborskiy,66.845,32.3622,-12.409999999999968,91,18,2.73,RU,1699673797
373,coruripe,-10.1256,-36.1756,24.090000000000032,80,27,3.78,BR,1699673672
374,volokolamsk,56.0336,35.9694,2.930000000000007,90,100,4.4,RU,1699673798
375,karratha,-20.7377,116.8463,32.55000000000001,31,0,8.51,AU,1699673798
376,cockburn town,21.4612,-71.1419,27.980000000000018,74,40,6.69,TC,1699673798
377,orito,0.6766,-76.8771,22.52000000000004,93,86,0.95,CO,1699673799
378,atoluca,19.8608,-97.3481,15.230000000000018,98,89,0.94,MX,1699673799
379,mabaruma,8.2,-59.7833,25.510000000000048,88,21,1.97,GY,1699673800
380,nema,57.5067,50.5011,1.240000000000009,88,100,4.32,RU,1699673800
381,guiyang,26.5833,106.7167,14.270000000000039,88,100,3.0,CN,1699673800
382,hirara,24.8,125.2833,25.920000000000016,88,75,8.23,JP,1699673516
383,susuman,62.7833,148.1667,-25.549999999999983,98,89,0.71,RU,1699673801
384,mount pearl,47.5166,-52.7813,2.3000000000000114,92,100,10.8,CA,1699673761
385,anloga,5.7947,0.8973,27.650000000000034,83,80,6.46,GH,1699673802
386,nuuk,64.1835,-51.7216,-5.659999999999968,68,23,5.66,GL,1699673802
387,mpika,-11.8343,31.4529,17.730000000000018,87,100,3.16,ZM,1699673802
388,mthatha,-31.5889,28.7844,21.310000000000002,68,85,0.51,ZA,1699673803
389,esmeralda,21.8525,-78.1169,25.620000000000005,88,29,5.02,CU,1699673803
390,souillac,-20.5167,57.5167,25.210000000000036,83,40,1.03,MU,1699673803
391,nova sintra,14.8667,-24.7167,22.210000000000036,69,27,3.86,CV,1699673804
392,ganshui,28.7422,106.7111,19.310000000000002,72,100,1.7,CN,1699673804
393,robat karim,35.4846,51.0829,12.920000000000016,66,0,3.09,IR,1699673804
394,panaba,21.2833,-88.2667,24.0,95,15,3.09,MX,1699673805
395,petropavlovsk-kamchatsky,53.0452,158.6483,1.330000000000041,98,75,1.79,RU,1699673805
396,ridder,50.355,83.5133,2.9600000000000364,90,99,1.51,KZ,1699673805
397,kokopo,-4.352,152.2633,28.33000000000004,75,100,4.9,PG,1699673806
398,masterton,-40.9597,175.6575,15.490000000000009,37,6,1.05,NZ,1699673806
399,maumere,-8.6199,122.2111,30.08000000000004,65,23,0.36,ID,1699673806
400,fortuna,40.5982,-124.1573,12.03000000000003,95,100,2.06,US,1699673807
401,gadzhiyevo,69.2551,33.3362,-0.8299999999999841,84,83,7.99,RU,1699673807
402,burntisland,56.0625,-3.2318,6.5400000000000205,83,71,2.56,GB,1699673808
403,kupino,54.3663,77.2981,0.9900000000000091,98,100,3.88,RU,1699673808
404,pangkalpinang,-2.1333,106.1333,32.44,55,32,2.75,ID,1699673808
405,santa elena de uairen,4.6167,-61.1333,22.230000000000018,73,63,1.66,VE,1699673809
406,fisterra,42.9049,-9.2629,16.53000000000003,96,100,8.6,ES,1699673809
407,castillos,-34.1667,-53.8333,15.910000000000025,94,100,8.25,UY,1699673809
408,patrocinio,-18.9439,-46.9925,21.970000000000027,30,6,2.29,BR,1699673810
409,newman,37.3138,-121.0208,13.490000000000009,34,96,1.76,US,1699673810
410,sechura,-5.5569,-80.8222,20.52000000000004,73,33,5.63,PE,1699673810
411,uliastay,47.7417,96.8444,-9.819999999999993,69,2,1.46,MN,1699673811
412,menongue,-14.6585,17.691,18.350000000000023,86,100,1.89,AO,1699673811
413,luderitz,-26.6481,15.1594,15.580000000000041,89,7,5.74,NA,1699673811
414,la paz,-16.5,-68.15,9.760000000000048,82,75,2.06,BO,1699673812
415,san ignacio,17.1561,-89.0714,26.08000000000004,94,0,0.0,BZ,1699673812
416,margate,51.3813,1.3862,5.390000000000043,89,6,3.13,GB,1699673699
417,makarov,48.6333,142.8,-1.92999999999995,70,100,5.71,RU,1699673813
418,tambopata,-12.7333,-69.1833,22.920000000000016,92,28,1.1,PE,1699673813
419,lembeni,-3.7833,37.6167,20.640000000000043,85,96,1.61,TZ,1699673814
420,majene,-3.5403,118.9707,31.180000000000007,57,54,2.37,ID,1699673814
421,bagasra,21.4833,70.95,30.53000000000003,32,0,4.75,IN,1699673814
422,kobryn,52.2138,24.3564,4.930000000000007,79,100,2.79,BY,1699673815
423,motueka,-41.1333,173.0167,16.510000000000048,66,20,2.92,NZ,1699673815
424,yuxi,24.355,102.5422,22.54000000000002,52,0,4.7,CN,1699673815
425,ak-dovurak,51.1833,90.6,-14.379999999999995,96,100,0.45,RU,1699673816
426,mulanje,-16.0316,35.5,20.730000000000018,85,94,2.08,MW,1699673816
427,beeskow,52.1667,14.25,4.080000000000041,91,81,2.29,DE,1699673817
428,iwanai,42.9744,140.5089,1.670000000000016,66,97,9.45,JP,1699673817
429,thurso,58.5927,-3.5259,6.03000000000003,75,89,6.16,GB,1699673742
430,puerto rico,-26.796,-55.024,24.670000000000016,85,26,2.04,AR,1699673542
431,avarua,-21.2078,-159.775,25.03000000000003,88,75,1.54,CK,1699673678
432,kudahuvadhoo,2.6708,72.8944,27.5,80,99,4.12,MV,1699673819
433,tyrnava,64.7647,25.6523,-4.389999999999986,93,81,1.68,FI,1699673819
434,alice springs,-23.7,133.8833,34.75,23,1,2.06,AU,1699673820
435,uthal,25.8072,66.6219,28.350000000000023,14,0,1.77,PK,1699673820
436,santa cruz,-17.8,-63.1667,29.700000000000045,58,14,6.17,BO,1699673820
437,okha,53.5739,142.9478,-3.919999999999959,73,100,7.73,RU,1699673821
438,valparaiso,-33.0393,-71.6273,13.800000000000011,100,75,1.03,CL,1699673723
439,ulladulla,-35.35,150.4667,35.98000000000002,51,46,8.32,AU,1699673821
440,cabedelo,-6.9811,-34.8339,26.370000000000005,76,9,6.11,BR,1699673822
441,kayangel,8.0823,134.7173,29.310000000000002,75,97,5.89,PW,1699673822
442,amahai,-3.3333,128.9167,29.850000000000023,68,74,3.57,ID,1699673823
443,kavaratti,10.5669,72.642,28.400000000000034,74,82,2.29,IN,1699673823
444,sovetskaya gavan',48.9723,140.2878,-4.939999999999998,73,100,4.83,RU,1699673823
445,garzon,2.1959,-75.6278,21.260000000000048,95,98,1.04,CO,1699673758
446,vega de alatorre,20.0333,-96.6333,24.49000000000001,84,40,0.39,MX,1699673824
447,astrakhan,46.3497,48.0408,0.9300000000000068,100,0,1.0,RU,1699673824
448,vuktyl,63.8567,57.3094,-3.829999999999984,98,82,1.34,RU,1699673825
449,alaminos,14.0639,121.2465,29.08000000000004,63,99,3.42,PH,1699673825
450,vera,-29.4593,-60.2126,27.730000000000018,73,100,2.81,AR,1699673825
451,luanco,43.6152,-5.7934,13.490000000000009,99,100,5.51,ES,1699673826
452,santanyi,39.3546,3.1291,15.350000000000023,71,35,5.86,ES,1699673826
453,yaren,-0.5472,166.916,28.480000000000018,81,99,12.45,NR,1699673827
454,salekhard,66.53,66.6019,-11.870000000000005,95,100,2.24,RU,1699673827
455,hasaki,35.7333,140.8333,13.220000000000027,61,100,10.29,JP,1699673827
456,cox's bazar,21.4532,91.9798,26.629999999999995,60,1,3.23,BD,1699673828
457,mazamari,-11.3258,-74.5308,22.05000000000001,81,38,1.05,PE,1699673828
458,pandan,14.0453,124.1694,29.53000000000003,71,100,3.57,PH,1699673828
459,ta`u,-14.2336,-169.5144,27.960000000000036,77,27,1.69,AS,1699673829
460,pemba,-12.974,40.5178,26.390000000000043,89,75,3.6,MZ,1699673829
461,ghanzi,-21.5667,21.7833,23.879999999999995,41,81,6.47,BW,1699673830
462,ulaangom,49.9811,92.0667,-7.069999999999993,92,100,1.95,MN,1699673830
463,kalmunai,7.4167,81.8167,28.670000000000016,73,7,2.21,LK,1699673830
464,kralendijk,12.15,-68.2667,28.99000000000001,79,72,6.69,BQ,1699673831
465,arteche,12.2645,125.4048,28.950000000000045,74,40,2.43,PH,1699673831
466,hilo,19.7297,-155.09,23.470000000000027,94,100,2.57,US,1699673831
467,magadan,59.5667,150.8,-13.21999999999997,74,14,4.53,RU,1699673832
468,howard springs,-12.497,131.047,32.950000000000045,54,49,3.0,AU,1699673832
469,south hedland,-20.4089,118.5983,31.960000000000036,58,0,6.17,AU,1699673832
470,saudarkrokur,65.7461,-19.6394,-1.1200000000000045,82,96,2.68,IS,1699673833
471,bhimunipatnam,17.8833,83.4333,26.730000000000018,56,0,2.19,IN,1699673833
472,cadale,2.7603,46.3222,26.82000000000005,81,100,4.35,SO,1699673833
473,olyokminsk,60.3736,120.4264,-7.169999999999959,81,100,3.81,RU,1699673834
474,hargeysa,9.56,44.065,16.77000000000004,89,100,5.0,SO,1699673834
475,kushiro,42.975,144.3747,5.53000000000003,45,20,9.26,JP,1699673834
476,hithadhoo,-0.6,73.0833,27.200000000000045,83,45,6.53,MV,1699673835
477,horta,38.5333,-28.6333,19.230000000000018,89,31,9.19,PT,1699673836
478,pauini,-7.7136,-66.9764,25.980000000000018,68,16,1.15,BR,1699673836
479,belomorsk,64.5232,34.7668,-5.1200000000000045,97,93,2.24,RU,1699673837
480,kalispell,48.1958,-114.3129,4.100000000000023,69,100,2.57,US,1699673810
481,nanakuli,21.3906,-158.1547,27.970000000000027,63,40,6.17,US,1699673837
482,blenheim,-41.516,173.9528,18.07000000000005,65,0,2.24,NZ,1699673838
483,auki,-8.7676,160.7034,26.03000000000003,91,100,4.67,SB,1699673838
484,boysun,38.2061,67.1986,12.920000000000016,14,100,1.16,UZ,1699673838
485,buenaventura,3.8801,-77.0312,24.340000000000032,97,100,1.25,CO,1699673839
486,kailua-kona,19.6406,-155.9956,26.980000000000018,79,100,2.57,US,1699673839
487,altai,46.3722,96.2583,-8.979999999999961,73,13,0.79,MN,1699673840
488,korla,41.7597,86.1469,5.340000000000032,71,100,5.49,CN,1699673840
489,howrah,22.5892,88.3103,26.0,69,5,2.06,IN,1699673841
490,nguigmi,14.2495,13.1092,25.870000000000005,29,80,4.51,NE,1699673841
491,krasyliv,49.6519,26.9725,9.189999999999998,80,100,7.47,UA,1699673842
492,semirara,12.0697,121.3986,28.55000000000001,79,29,8.34,PH,1699673842
493,terenozek,45.05,64.9833,10.410000000000025,47,100,6.41,KZ,1699673842
494,tangalle,6.024,80.7911,29.090000000000032,73,7,1.64,LK,1699673843
495,sandnessjoen,66.0217,12.6316,-1.7099999999999795,68,0,7.98,NO,1699673843
496,mejit,10.2753,170.8646,27.850000000000023,82,100,9.17,MH,1699673844
497,shizunai-furukawacho,42.3339,142.3669,4.150000000000034,60,94,13.22,JP,1699673738
498,collie,-33.3667,116.15,23.840000000000032,31,93,4.38,AU,1699673844
499,cuilapa,14.2764,-90.3003,22.689999999999998,84,46,2.4,GT,1699673845
500,jiangyou,31.7667,104.7167,15.310000000000002,86,100,1.41,CN,1699673845
501,tomatlan,19.9333,-105.25,23.660000000000025,94,100,1.3,MX,1699673846
502,remire-montjoly,4.9167,-52.2667,27.129999999999995,84,11,6.1,GF,1699673846
503,rosarito,32.3333,-117.0333,17.180000000000007,56,39,2.76,MX,1699673609
504,sao vicente,-23.9631,-46.3919,26.100000000000023,26,46,0.83,BR,1699673847
505,rabo de peixe,37.8,-25.5833,21.660000000000025,99,75,8.75,PT,1699673847
506,milagros,12.2181,123.5095,30.950000000000045,66,44,3.61,PH,1699673847
507,syas'stroy,60.1367,32.5691,5.53000000000003,90,100,4.28,RU,1699673848
508,mohammedia,33.7066,-7.3944,15.110000000000014,100,0,1.54,MA,1699673848
509,al muwayh,22.4333,41.7583,20.29000000000002,33,73,4.78,SA,1699673848
510,yerofey pavlovich,53.9667,121.9667,-6.269999999999982,42,54,4.2,RU,1699673849
511,hami,42.8,93.45,6.720000000000027,20,100,1.19,CN,1699673849
512,adelaide,-34.9333,138.6,27.25,41,0,7.72,AU,1699673758
513,issa,53.8705,44.8578,0.6400000000000432,97,68,2.45,RU,1699673850
514,palikir - national government center,6.9248,158.1611,31.410000000000025,74,100,5.14,FM,1699673850
515,andergrove,-21.0833,149.1833,30.360000000000014,64,6,6.63,AU,1699673851
516,northam,51.0333,-4.2167,10.340000000000032,85,67,5.39,GB,1699673851
517,niteroi,-22.8833,-43.1036,24.220000000000027,86,40,3.6,BR,1699673851
518,puerto baquerizo moreno,-0.9,-89.6,24.28000000000003,82,38,5.28,EC,1699673852
519,fort mcmurray,56.7268,-111.381,-2.2299999999999613,93,20,2.57,CA,1699673852
520,piacabucu,-10.4056,-36.4344,24.57000000000005,77,39,3.85,BR,1699673853
521,bel ombre,-4.6167,55.4167,25.910000000000025,89,75,0.51,SC,1699673853
522,bogo,11.0517,124.0055,30.410000000000025,62,22,2.36,PH,1699673854
523,adam,22.3756,57.5233,24.200000000000045,58,27,1.39,OM,1699673854
524,belmonte,-15.8631,-38.8828,24.189999999999998,88,6,3.77,BR,1699673854
525,pathein,16.7833,94.7333,29.710000000000036,71,76,2.98,MM,1699673855
526,tianshui,34.5439,105.6897,5.210000000000036,74,100,1.59,CN,1699673855
527,bonadelle ranchos-madera ranchos,36.9847,-119.8746,14.920000000000016,32,85,1.82,US,1699673855
528,oxelosund,58.6706,17.1015,5.210000000000036,93,75,2.06,SE,1699673856
529,naantali,60.4674,22.0243,8.230000000000018,95,100,1.54,FI,1699673856
530,opuwo,-18.0607,13.84,20.650000000000034,41,80,1.1,NA,1699673856
531,kharkhorin,47.1975,102.8238,-9.229999999999961,66,1,1.42,MN,1699673857
532,mongo,12.1844,18.693,25.32000000000005,41,56,0.83,TD,1699673857
533,contamana,-7.3333,-75.0167,23.560000000000002,76,16,1.04,PE,1699673857
534,pale,43.8161,18.5694,5.860000000000014,100,75,0.51,BA,1699673858
535,gizo,-8.103,156.8419,27.920000000000016,77,100,8.48,SB,1699673858
536,churachandpur,24.3333,93.6667,23.620000000000005,55,4,0.94,IN,1699673858
537,kendari,-3.945,122.4989,33.52000000000004,41,42,3.35,ID,1699673859
538,bamboo flat,11.7,92.7167,29.05000000000001,79,40,3.09,IN,1699673859
539,iquique,-20.2208,-70.1431,18.02000000000004,87,41,0.62,CL,1699673859
540,qamdo,31.1667,97.2333,2.390000000000043,37,99,2.51,CN,1699673860
541,dayr hafir,36.1569,37.7078,18.360000000000014,45,100,2.48,SY,1699673860
542,cannonvale,-20.2833,148.7,26.660000000000025,65,39,6.94,AU,1699673860
543,sena madureira,-9.0656,-68.6569,25.410000000000025,72,24,0.96,BR,1699673861
544,kuanda,56.3161,116.0806,-11.529999999999973,78,86,1.58,RU,1699673861
545,juan de herrera,18.874,-71.2383,22.370000000000005,84,84,0.88,DO,1699673861
546,sabya,17.1495,42.6254,26.79000000000002,61,96,2.09,SA,1699673862
547,suda,59.1525,37.5582,4.060000000000002,91,100,3.39,RU,1699673862
548,humberto de campos,-2.5983,-43.4611,25.960000000000036,79,35,4.77,BR,1699673863
549,aktau,43.65,51.2,3.32000000000005,62,6,4.53,KZ,1699673863
550,hovd,48.0056,91.6419,-3.769999999999982,85,100,1.41,MN,1699673864
551,noshiro,40.2039,140.0242,6.460000000000036,74,100,8.43,JP,1699673864
552,alofi,-19.0595,-169.9187,24.939999999999998,94,100,1.54,NU,1699673864
553,axim,4.8699,-2.2405,25.54000000000002,89,66,3.78,GH,1699673865
554,la baneza,42.3003,-5.8977,13.53000000000003,95,95,4.59,ES,1699673865
555,sao joao da barra,-21.6403,-41.0511,22.120000000000005,91,2,0.79,BR,1699673865
556,port macquarie,-31.4333,152.9167,26.05000000000001,64,0,7.82,AU,1699673866
557,caburan,5.9181,125.6411,29.689999999999998,71,15,4.09,PH,1699673866
558,champoton,19.35,-90.7167,25.110000000000014,83,65,2.62,MX,1699673573
559,corn island,12.1694,-83.0418,28.760000000000048,81,99,7.04,NI,1699673867
560,tawau,4.2498,117.8871,32.07000000000005,74,76,1.62,MY,1699673868
561,ryotsu-minato,38.0833,138.4333,8.260000000000048,64,80,6.19,JP,1699673868
562,grand island,40.925,-98.342,6.970000000000027,52,75,5.66,US,1699673869
563,sitka,57.0531,-135.33,6.939999999999998,76,100,5.66,US,1699673869
564,muisne,0.6,-80.0333,24.74000000000001,83,100,3.67,EC,1699673869
565,shenjiamen,29.9576,122.298,16.420000000000016,70,100,6.44,CN,1699673870
566,qui nhon,13.7667,109.2333,28.150000000000034,78,53,3.3,VN,1699673870
567,abqaiq,25.9371,49.6776,24.58000000000004,64,100,1.6,SA,1699673870
568,phon charoen,18.0333,103.1667,33.370000000000005,63,61,1.79,TH,1699673871
